{"data_time": 0.4780004049998752, "iteration": 0, "loss_box_reg": 1.0983511209487915, "loss_cls": 1.400480031967163, "loss_mask": 1.2928863763809204, "lr": 2e-05, "total_loss": 3.791717529296875}
{"data_time": 0.4861394370000198, "iteration": 0, "loss_box_reg": 1.0051519870758057, "loss_cls": 1.3891936540603638, "loss_mask": 1.5140612125396729, "lr": 2e-05, "total_loss": 3.9084068536758423}
{"data_time": 0.4196625390004556, "iteration": 2, "loss_box_reg": 1.1951240301132202, "loss_cls": 1.396201491355896, "loss_mask": 1.4530277252197266, "lr": 5.9959999999999995e-05, "time": 0.5994045919997006, "total_loss": 3.9234349727630615}
{"eta_seconds": 53944.01566160506, "iteration": 3}
{"data_time": 0.005967290000171488, "eta_seconds": 32057.67155954199, "iteration": 19, "loss_box_reg": 1.1010797619819641, "loss_cls": 1.3868350982666016, "loss_mask": 1.4014996886253357, "lr": 0.00039962, "time": 0.3562755230000221, "total_loss": 3.841350793838501}
{"data_time": 0.005661061499722564, "iteration": 33, "loss_box_reg": 1.0248913764953613, "loss_cls": 1.3890886902809143, "loss_mask": 1.479448914527893, "lr": 0.0006793400000000001, "time": 0.34681601149941343, "total_loss": 3.8300088942050934}
{"eta_seconds": 31348.759068050837, "iteration": 34}
{"data_time": 0.0030128994999998326, "iteration": 5, "loss_box_reg": 1.0548487901687622, "loss_cls": 1.3961564302444458, "loss_mask": 1.5089169144630432, "lr": 0.00011990000000000001, "time": 0.33617479700000175, "total_loss": 3.9662106037139893}
{"eta_seconds": 30253.37850642116, "iteration": 6}
{"data_time": 0.006288136000023314, "iteration": 10, "loss_box_reg": 1.084938883781433, "loss_cls": 1.38755464553833, "loss_mask": 1.4820815324783325, "lr": 0.0002198, "time": 0.3834376149999912, "total_loss": 3.8886159658432007}
{"eta_seconds": 34504.78409861921, "iteration": 11}
